type,name,wei,cal
과일류,감_단감,100g,44kcal
과일류,감_연시,100g,56kcal
과일류,구아바,100g,47kcal
과일류,귤,100g,47kcal
과일류,금귤(낑깡),100g,68kcal
과일류,다래,100g,54kcal
과일류,딸기,200g,40kcal
과일류,라임,100g,31kcal
과일류,레몬,100g,31kcal
과일류,롱간스,100g,58kcal
과일류,매실,100g,29kcal
과일류,맹고,100g,68kcal
과일류,머루,100g,69kcal
과일류,멜론,100g,38kcal
과일류,모과,100g,61kcal
과일류,무화과,100g,43kcal
과일류,배,100g,39kcal
과일류,버찌,100g,60kcal
과일류,복숭아,100g,34kcal
과일류,블루베리,100g,52kcal
과일류,사과,100g,44kcal
과일류,산딸기,100g,22kcal
과일류,살구,100g,28kcal
과일류,석류,100g,67kcal
과일류,수박,200g,62kcal
과일류,아보카도,100g,191kcal
과일류,앵두,100g,29kcal
과일류,양수박,100g,31kcal
과일류,엘더베리,100g,73kcal
과일류,오디,100g,50kcal
과일류,오렌지,100g,43kcal
과일류,올리브,100g,72kcal
과일류,자두,100g,46kcal
과일류,참외,100g,31kcal
과일류,코코넛,13g,85kcal
과일류,크랜베리,100g,49kcal
과일류,키위,100g,54kcal
과일류,파인애플,100g,23kcal
과일류,파파야,100g,25kcal
과일류,포도,100g,50kcal
과일류,화채,150g,51kcal
과일류,후르트칵테일,100g,79kcal
구이류,가오리구이,72g,56kcal
구이류,가자미구이,75g,116kcal
구이류,갈매기살구이,61g,84kcal
구이류,갈치구이,72g,104kcal
구이류,감자구이,130g,85kcal
구이류,고기산적,161g,230kcal
구이류,고등어구이,72g,128kcal
구이류,고등어자반,72g,120kcal
구이류,굴비구이,70g,232kcal
구이류,긴다로구이,70g,67kcal
구이류,김구이,3g,13kcal
구이류,꽁치구이,72g,115kcal
구이류,낙지구이,142g,131kcal
구이류,내장구이,92g,108kcal
구이류,넙치구이,72g,72kcal
구이류,노가리구이,20g,71kcal
구이류,노래미구이,72g,66kcal
구이류,닭갈비,100g,130kcal
구이류,닭내장구이,92g,167kcal
구이류,닭불고기,102g,133kcal
구이류,더덕구이,67g,62kcal
구이류,더덕산적,83g,126kcal
구이류,도라지구이,107g,133kcal
구이류,도미구이,72g,76kcal
구이류,도미소금구이,75g,76kcal
구이류,돈육구이(생강),107g,199kcal
구이류,동태구이,72g,51kcal
구이류,돼지갈비구이,185g,348kcal
구이류,돼지고기구이,98g,194kcal
구이류,돼지고기불고기(간장),165g,377kcal
구이류,돼지고기불고기(고추장),182g,399kcal
구이류,돼지불고기,109g,219kcal
구이류,두부양념구이,110g,134kcal
구이류,떡꼬치구이,116g,282kcal
구이류,떡산적,140g,271kcal
구이류,멧돼지고기구이,111g,223kcal
구이류,명태포,18g,67kcal
구이류,민어구이,72g,88kcal
구이류,방어구이,70g,212kcal
구이류,밴뎅이구이,72g,157kcal
구이류,뱅어포구이,25g,67kcal
구이류,병어구이,72g,85kcal
구이류,복구이,72g,62kcal
구이류,볼락구이,72g,72kcal
구이류,북어양념구이,38g,101kcal
구이류,불고기,120g,157kcal
구이류,불고기(오징어),170g,204kcal
구이류,삼겹살구이,62g,207kcal
구이류,삼치구이,72g,95kcal
구이류,새치구이,70g,108kcal
구이류,서대구이,72g,66kcal
구이류,소세지구이,64g,178kcal
구이류,쇠갈비구이,114g,224kcal
구이류,나물,64g,127kcal
구이류,쇠고기로스구이,64g,101kcal
구이류,쇠고기불고기,93g,184kcal
구이류,쇠고기산적,161g,216kcal
구이류,쏨뱅이구이,72g,66kcal
구이류,양미리구이,72g,86kcal
구이류,연어구이,72g,74kcal
구이류,열기구이,72g,65kcal
구이류,오리고기구이,61g,192kcal
구이류,오징어구이,18g,38kcal
구이류,옥수수구이,50g,70kcal
구이류,옥수수버터구이,56g,107kcal
구이류,임연수구이,72g,116kcal
구이류,장어구이,98g,220kcal
구이류,적어구이,72g,60kcal
구이류,전어구이,72g,88kcal
구이류,조기구이,72g,65kcal
구이류,주물럭,242g,557kcal
구이류,쥐포구이,18g,59kcal
구이류,참치구이,72g,79kcal
구이류,청어구이,72g,114kcal
구이류,칠면조구이,60g,64kcal
구이류,통닭구이,61g,147kcal
구이류,햄구이,40g,52kcal
구이류,햄버거스테이크,257g,397kcal
구이류,가자미데리야끼구이,180g,243kcal
구이류,김구이(달래장),3g,10kcal
구이류,연어스테이크,465g,573kcal
구이류,찹스테이크,200g,386kcal
구이류,감자그라탱,100g,166kcal
구이류,고구마그라탱,194g,335kcal
구이류,두부스테이크,145g,93kcal
구이류,등심스테이크,315g,533kcal
구이류,안심스테이크,487g,714kcal
구이류,콘치즈,160g,354kcal
구이류,퀘사디아,155g,202kcal
구이류,치즈전복구이,85g,99kcal
구이류,치즈버터새우구이,95g,106kcal
구이류,메로구이,208g,579kcal
국탕류,가지냉국,86g,44kcal
국탕류,갈비탕,136g,176kcal
국탕류,감자국,134g,111kcal
국탕류,감자국(당면),50g,45kcal
국탕류,감자국(양파),154g,118kcal
국탕류,게장국,151g,74kcal
국탕류,경단미역국,22g,76kcal
국탕류,고동국(올갱이국),42g,43kcal
국탕류,고등어국,122g,147kcal
국탕류,고비국,89g,70kcal
국탕류,고사리국,84g,75kcal
국탕류,곰국,63g,79kcal
국탕류,곱창국,156g,99kcal
국탕류,굴국,122g,81kcal
국탕류,근대국,95g,46kcal
국탕류,된장국(근대),98g,48kcal
국탕류,김국,74g,156kcal
국탕류,김치국(고기없음),155g,94kcal
국탕류,김치국(돼지고기),156g,117kcal
국탕류,김치국(두부),102g,56kcal
국탕류,김치국(소시지),93g,84kcal
국탕류,김치국(참치),75g,32kcal
국탕류,김치무국,89g,28kcal
국탕류,꼬리곰탕,110g,178kcal
국탕류,꽁치국,122g,134kcal
국탕류,된장국(꽃게),166g,98kcal
국탕류,꽃게탕,146g,87kcal
국탕류,냉이국,137g,99kcal
국탕류,냉이국(바지락),152g,109kcal
국탕류,냉이국(콩가루),147g,141kcal
국탕류,느타리버섯국,67g,30kcal
국탕류,달걀국,112g,273kcal
국탕류,달래국,133g,86kcal
국탕류,닭개장,181g,149kcal
국탕류,닭고기국,130g,87kcal
국탕류,닭곰국,173g,274kcal
국탕류,닭무국,130g,87kcal
국탕류,닭백숙,173g,274kcal
국탕류,당면국,83g,140kcal
국탕류,당면국(새우),187g,298kcal
국탕류,당면국(양배추),98g,143kcal
국탕류,대구국,180g,121kcal
국탕류,도가니탕,109g,207kcal
국탕류,동태국,112g,67kcal
국탕류,동태국(무),120g,68kcal
국탕류,돼지고기국,117g,106kcal
국탕류,된장국(감자고비),129g,94kcal
국탕류,된장국(냉이),137g,99kcal
국탕류,된장국(단배추),113g,76kcal
국탕류,된장국(달래),130g,77kcal
국탕류,된장국(두부),123g,111kcal
국탕류,된장국(미역),86g,73kcal
국탕류,된장국(배추),109g,63kcal
국탕류,된장국(버섯),137g,80kcal
국탕류,된장국(시금치),86g,57kcal
국탕류,된장국(시래기),109g,63kcal
국탕류,아욱된장국,137g,79kcal
국탕류,된장국(양배추),127g,77kcal
국탕류,된장국(열무),127g,77kcal
국탕류,된장국(우거지),127g,77kcal
국탕류,된장국(주재료없음),117g,75kcal
국탕류,된장국(콩나물),77g,49kcal
국탕류,된장국(팽이),130g,85kcal
국탕류,된장국(해물),141g,112kcal
국탕류,된장국(호박),137g,80kcal
국탕류,두부계란탕,135g,140kcal
국탕류,두부국,124g,112kcal
국탕류,두부국(근대),134g,114kcal
국탕류,두부국(무),144g,116kcal
국탕류,두부국(실파),129g,113kcal
국탕류,들깨국,80g,57kcal
국탕류,떡국,197g,440kcal
국탕류,명태국,122g,75kcal
국탕류,모시조개국,61g,46kcal
국탕류,무국,79g,63kcal
국탕류,무국(된장),71g,35kcal
국탕류,무국(된장_김치),104g,40kcal
국탕류,무국(된장_쇠고기),86g,54kcal
국탕류,무국(된장_쇠고기_김치),119g,60kcal
국탕류,무국(새우젓),93g,57kcal
국탕류,무채어묵국,114g,63kcal
국탕류,미역국,39g,88kcal
국탕류,미역국(감자),39g,49kcal
국탕류,미역국(대합),21g,23kcal
국탕류,미역국(멸치),26g,46kcal
국탕류,미역국(쇠고기),50g,67kcal
국탕류,미역국(조갯살),49g,95kcal
국탕류,미역국(홍합),53g,65kcal
국탕류,미역냉국,65g,53kcal
국탕류,미역오이냉국,108g,29kcal
국탕류,배추국,80g,43kcal
국탕류,배추국(시금치),95g,62kcal
국탕류,배추국(콩가루),100g,126kcal
국탕류,배추국(호박),100g,64kcal
국탕류,버섯국,87g,34kcal
국탕류,보신탕,156g,183kcal
국탕류,복국(복지리),118g,81kcal
국탕류,북어국,88g,79kcal
국탕류,북어국(계란),98g,95kcal
국탕류,북어국(표고버섯),100g,112kcal
국탕류,사골탕,79g,91kcal
국탕류,새우젓호박국,108g,48kcal
국탕류,선지국,151g,66kcal
국탕류,설렁탕,120g,184kcal
국탕류,쇠고기국,101g,88kcal
국탕류,쇠고기국(감자),71g,79kcal
국탕류,쇠고기국(무),80g,76kcal
국탕류,쇠고기국(양배추),121g,92kcal
국탕류,순대국,147g,117kcal
국탕류,순두부국,124g,90kcal
국탕류,스프_쇠고기스프,300g,114kcal
국탕류,스프_쇠고기야채스프,300g,72kcal
국탕류,스프_양송이스프,300g,63kcal
국탕류,스프_콩소메,300g,24kcal
국탕류,스프_크림스프,300g,21kcal
국탕류,시금치국,67g,51kcal
국탕류,시금치국(풋고추),71g,52kcal
국탕류,시래기국,74g,55kcal
국탕류,쑥국,91g,69kcal
국탕류,아우국(건새우),67g,75kcal
국탕류,아욱국,97g,57kcal
국탕류,알탕,164g,137kcal
국탕류,어묵국(감자),66g,66kcal
국탕류,어묵국(무),127g,144kcal
국탕류,쑥갓어묵국,127g,145kcal
국탕류,어묵국(오뎅국),107g,140kcal
국탕류,얼갈이국,89g,40kcal
국탕류,열무국,96g,76kcal
국탕류,영계백숙(삼계탕),124g,226kcal
국탕류,오골계탕,109g,200kcal
국탕류,오리탕,109g,208kcal
국탕류,오이냉국,104g,24kcal
국탕류,오이냉국(콩나물),114g,27kcal
국탕류,오징어국,83g,51kcal
국탕류,완자탕,73g,131kcal
국탕류,우거지국,59g,47kcal
국탕류,우거지국(콩나물),69g,50kcal
국탕류,우거지국(홍합),99g,41kcal
국탕류,우족탕,258g,44kcal
국탕류,유부국,78g,61kcal
국탕류,육개장,193g,152kcal
국탕류,육수,70g,116kcal
국탕류,재치조개국,89g,84kcal
국탕류,조개국,79g,50kcal
국탕류,조개국(근대),89g,52kcal
국탕류,조개국(냉이),94g,55kcal
국탕류,조개국(부추),89g,52kcal
국탕류,조개국(시금치),89g,53kcal
국탕류,쑥갓조개국,89g,52kcal
국탕류,조개국(콩나물),89g,54kcal
국탕류,조개살(두부국),96g,66kcal
국탕류,조개살배추국,125g,64kcal
국탕류,짬뽕국,152g,129kcal
국탕류,초계탕(초개탕_초교탕),260g,300kcal
국탕류,추어탕,163g,157kcal
국탕류,콩나물국(북어),66g,114kcal
국탕류,콩나물국,83g,37kcal
국탕류,콩나물국(고춧가루),87g,43kcal
국탕류,콩나물국(고춧가루_쇠고기),99g,49kcal
국탕류,콩나물국(김치),81g,29kcal
국탕류,콩나물국(쇠고기),95g,43kcal
국탕류,콩나물무채국,125g,136kcal
국탕류,토란국,78g,57kcal
국탕류,파국,52g,80kcal
국탕류,파국(계란),52g,80kcal
국탕류,팽이버섯국,67g,30kcal
국탕류,표고부추계란국,52g,68kcal
국탕류,해물탕,129g,85kcal
국탕류,해장국,133g,94kcal
국탕류,호박국,60g,52kcal
국탕류,호박달래찌개,116g,82kcal
국탕류,호박새우젓국,98g,53kcal
국탕류,호박잎된장국,98g,63kcal
국탕류,홍합국,54g,56kcal
국탕류,홍합무국,168g,122kcal
국탕류,브로콜리스프,50g,103kcal
국탕류,유채된장국,50g,55kcal
국탕류,봄동된장국,50g,50kcal
국탕류,감자수프,500g,478kcal
국탕류,게살수프,231g,198kcal
국탕류,쇠고기크림수프,220g,80kcal
국탕류,야채수프,220g,75kcal
국탕류,샤부샤부,352g,276kcal
국탕류,스키야키,176g,138kcal
국탕류,해물샤부샤부,289g,143kcal
국탕류,미소된장국,64g,65kcal
기타,과자및스넥류,110g,530kcal
기타,껌류,3g,11kcal
기타,마가린,6g,43kcal
기타,메쉬드포테이토,146g,188kcal
기타,버터,6g,44kcal
기타,사탕,3g,11kcal
기타,생선통조림,60g,96kcal
기타,시리얼,110g,446kcal
기타,야채통조림,60g,7kcal
기타,엿,10g,38kcal
기타,육류통조림,60g,138kcal
기타,초코렛,28g,110kcal
기타,한과,60g,275kcal
기타,낫토,50g,100kcal
김치류,갓김치,50g,20kcal
김치류,고들빼기김치,60g,39kcal
김치류,깍두기,50g,16kcal
김치류,깻잎김치,15g,13kcal
김치류,나박김치(물김치),250g,22kcal
김치류,단무지,70g,8kcal
김치류,동치미,250g,27kcal
김치류,무청김치,50g,11kcal
김치류,무초절이,85g,23kcal
김치류,배추김치,60g,10kcal
김치류,백김치,67g,14kcal
김치류,보쌈김치,74g,51kcal
김치류,부추김치,61g,21kcal
김치류,양배추김치,95g,35kcal
김치류,열무김치,50g,11kcal
김치류,오이소배기,89g,21kcal
김치류,오이지,70g,5kcal
김치류,총각김치,50g,21kcal
김치류,파김치,50g,26kcal
나물_무침류,쫄면야채무침,90g,214kcal
나물_무침류,쑥갓양파무침,70g,25kcal
나물_무침류,가지나물,237g,355kcal
나물_무침류,감자나물,53g,123kcal
나물_무침류,감자샐러드,20g,25kcal
나물_무침류,게맛살무침,100g,106kcal
나물_무침류,고구마줄기나물,29g,105kcal
나물_무침류,고비나물,62g,58kcal
나물_무침류,고사리나물,53g,105kcal
나물_무침류,고추잎나물,33g,22kcal
나물_무침류,골뱅이무침,121g,99kcal
나물_무침류,곰피무침,84g,185kcal
나물_무침류,과일샐러드,45g,331kcal
나물_무침류,굴무생채,131g,90kcal
나물_무침류,굴무침,88g,86kcal
나물_무침류,근대나물,84g,36kcal
나물_무침류,기타샐러드,165g,216kcal
나물_무침류,김무침,4g,15kcal
나물_무침류,깻잎나물,53g,102kcal
나물_무침류,꼬막무침,48g,59kcal
나물_무침류,꼴뚜기무침,139g,68kcal
나물_무침류,낙지무침,139g,56kcal
나물_무침류,냉이나물,93g,62kcal
나물_무침류,노가리채무침,30g,99kcal
나물_무침류,노각나물(노각무침),88g,35kcal
나물_무침류,다시마무침,84g,31kcal
나물_무침류,단무지무침,60g,24kcal
나물_무침류,달래무침,83g,39kcal
나물_무침류,달래무침(단무지),93g,40kcal
나물_무침류,닭무침,78g,66kcal
나물_무침류,대구포무침,30g,91kcal
나물_무침류,더덕무침,69g,70kcal
나물_무침류,도라지나물,38g,63kcal
나물_무침류,도라지생채,52g,50kcal
나물_무침류,도라지생채(오이),58g,46kcal
나물_무침류,돌나물무침,84g,26kcal
나물_무침류,두릅나물,73g,51kcal
나물_무침류,떡맛살샐러드,120g,215kcal
나물_무침류,뜸부기나물,67g,147kcal
나물_무침류,마늘쫑무침,92g,72kcal
나물_무침류,머위나물,93g,59kcal
나물_무침류,메밀나물,53g,120kcal
나물_무침류,멸치무침,30g,90kcal
나물_무침류,무말랭이무침,34g,70kcal
나물_무침류,무미역생채,74g,24kcal
나물_무침류,무생채,64g,30kcal
나물_무침류,무숙채,48g,57kcal
나물_무침류,무청무침,67g,25kcal
나물_무침류,묵무침(녹두묵),80g,45kcal
나물_무침류,묵무침(도토리묵),82g,53kcal
나물_무침류,묵무침(메밀묵),80g,59kcal
나물_무침류,문어무침,130g,82kcal
나물_무침류,물미역무침,76g,64kcal
나물_무침류,물쑥무침,84g,36kcal
나물_무침류,미나리나물,89g,30kcal
나물_무침류,미나리초무침,78g,25kcal
나물_무침류,미역나물,78g,23kcal
나물_무침류,미역오이초무침,60g,22kcal
나물_무침류,미역줄기무침,65g,33kcal
나물_무침류,미역줄기무침(고추장_된장),70g,51kcal
나물_무침류,미역줄기무침(식초),66g,36kcal
나물_무침류,미역초무침,84g,38kcal
나물_무침류,배추겉절이,14g,15kcal
나물_무침류,배추나물,90g,38kcal
나물_무침류,버섯무침,54g,26kcal
나물_무침류,부추겉절이,83g,52kcal
나물_무침류,부추무침,48g,30kcal
나물_무침류,부추무침(양배추),58g,32kcal
나물_무침류,북어채무침,28g,98kcal
나물_무침류,비름나물,78g,42kcal
나물_무침류,사태초무침,76g,93kcal
나물_무침류,삼무침,75g,60kcal
나물_무침류,상추겉절이,90g,62kcal
나물_무침류,상추절이,18g,20kcal
나물_무침류,새우무침,27g,85kcal
나물_무침류,소라무침,99g,103kcal
나물_무침류,쇠고기무나물,83g,89kcal
나물_무침류,숙주나물,37g,10kcal
나물_무침류,숙주맛살무침,77g,20kcal
나물_무침류,숙주미나리무침,73g,14kcal
나물_무침류,시금치나물,86g,54kcal
나물_무침류,시금치나물(된장),96g,57kcal
나물_무침류,시금치나물(소금),92g,45kcal
나물_무침류,시래기나물,54g,31kcal
나물_무침류,쑥갓나물,85g,42kcal
나물_무침류,쑥갓무침(유부),100g,94kcal
나물_무침류,쑥갓생채,82g,46kcal
나물_무침류,씀바귀나물,27g,33kcal
나물_무침류,야채샐러드,64g,112kcal
나물_무침류,야채샐러드(양배추),91g,120kcal
나물_무침류,야채쌈,98g,67kcal
나물_무침류,양배추겉절이,95g,35kcal
나물_무침류,양배추무침,86g,50kcal
나물_무침류,양배추샐러드,106g,122kcal
나물_무침류,양배추오이샐러드,106g,122kcal
나물_무침류,양상추샐러드,86g,110kcal
나물_무침류,양파겉절이,64g,32kcal
나물_무침류,어묵미나리무침,43g,37kcal
나물_무침류,열무무침,98g,59kcal
나물_무침류,오이나물,49g,33kcal
나물_무침류,오이무침,37g,13kcal
나물_무침류,오이무침(우엉),47g,19kcal
나물_무침류,오이무침(참치),47g,24kcal
나물_무침류,오이생채,57g,36kcal
나물_무침류,오이지무침,58g,30kcal
나물_무침류,오이지생채,58g,30kcal
나물_무침류,오이피클,54g,59kcal
나물_무침류,오징어무채,34g,98kcal
나물_무침류,오징어무침,129g,153kcal
나물_무침류,오징어무침(어묵),139g,167kcal
나물_무침류,오징어무침(파),134g,153kcal
나물_무침류,오징어채무침,124g,408kcal
나물_무침류,오징어포무침,22g,64kcal
나물_무침류,오징어풋마늘무침,101g,94kcal
나물_무침류,옥수수샐러드,83g,168kcal
나물_무침류,우거지나물,53g,101kcal
나물_무침류,유채겉절이,85g,57kcal
나물_무침류,유채나물,67g,40kcal
나물_무침류,잔파무침,77g,37kcal
나물_무침류,잡채(돼지고기_느타리),156g,341kcal
나물_무침류,잡채(돼지고기_표고),152g,341kcal
나물_무침류,잡채(쇠고기_목이),154g,336kcal
나물_무침류,잡채(쇠고기_표고),159g,332kcal
나물_무침류,절임고추무침,42g,41kcal
나물_무침류,쥐포무침,31g,93kcal
나물_무침류,질경이나물,67g,39kcal
나물_무침류,참치샐러드,110g,162kcal
나물_무침류,청포묵무침,167g,98kcal
나물_무침류,취나물,78g,36kcal
나물_무침류,취나물(간장),46g,52kcal
나물_무침류,취나물(된장),49g,65kcal
나물_무침류,콩나물(겨자무침),56g,28kcal
나물_무침류,콩나물(고춧가루),45g,26kcal
나물_무침류,콩나물(고춧가루없음),50g,26kcal
나물_무침류,콩나물무침,77g,39kcal
나물_무침류,콩나물어묵무침,66g,68kcal
나물_무침류,콩잎무침,84g,72kcal
나물_무침류,탕평채,189g,91kcal
나물_무침류,토란대무침,93g,53kcal
나물_무침류,톳나물무침,64g,33kcal
나물_무침류,파무침,77g,37kcal
나물_무침류,피조개무침,162g,112kcal
나물_무침류,해파리냉채,115g,96kcal
나물_무침류,호박나물,59g,20kcal
나물_무침류,호박오가리나물,48g,107kcal
나물_무침류,홍어회무침,139g,73kcal
나물_무침류,홍합무침,162g,100kcal
나물_무침류,고추지무침,30g,30kcal
나물_무침류,쑥갓치커리무침,43g,28kcal
나물_무침류,두부샐러드,146g,208kcal
나물_무침류,콘샐러드,171g,201kcal
나물_무침류,단호박샐러드,376g,315kcal
나물_무침류,훈제연어샐러드,510g,394kcal
나물_무침류,고구마샐러드,286g,447kcal
나물_무침류,닭가슴살샐러드,192g,294kcal
나물_무침류,연어샐러드,255g,231kcal
나물_무침류,참치낫토냉채,12g,34kcal
나물_무침류,마낫토범벅,100g,160kcal
나물_무침류,해삼초회,150g,68kcal
나물_무침류,고추잡채,385g,623kcal
나물_무침류,양장피,255g,253kcal
나물_무침류,자차이,40g,30kcal
나물_무침류,낫토미역무침,77g,104kcal
단일식품,건조감간식,38g,100kcal
단일식품,깻잎,5g,1kcal
단일식품,당근,70g,23kcal
단일식품,대추,10g,28kcal
단일식품,두부,80g,67kcal
단일식품,땅콩,13g,73kcal
단일식품,마른멸치,15g,34kcal
단일식품,마른오징어,18g,63kcal
단일식품,무,70g,12kcal
단일식품,밤,60g,97kcal
단일식품,배추,70g,9kcal
단일식품,삶은감자,130g,84kcal
단일식품,삶은고구마,140g,179kcal
단일식품,삶은달걀,50g,75kcal
단일식품,삶은메추리알,50g,82kcal
단일식품,상추,15g,2kcal
단일식품,상추쌈,79g,57kcal
단일식품,생감자,75g,49kcal
단일식품,생다시마,70g,13kcal
단일식품,생달걀,50g,79kcal
단일식품,쑥갓,30g,6kcal
단일식품,양배추,30g,5kcal
단일식품,양배추쌈,93g,46kcal
단일식품,양파,15g,5kcal
단일식품,연두부,80g,32kcal
단일식품,오이,70g,7kcal
단일식품,찐옥수수,100g,123kcal
단일식품,체리토마토,140g,22kcal
단일식품,콩잎,15g,11kcal
단일식품,토마토,200g,28kcal
단일식품,파세리,10g,3kcal
단일식품,풋고추,70g,13kcal
단일식품,호박잎,50g,14kcal
단일식품,고구마간식,60g,165kcal
떡류,가래떡,112g,267kcal
떡류,강냉이,110g,411kcal
떡류,개피떡,80g,168kcal
떡류,경단,100g,240kcal
떡류,꿀떡,100g,215kcal
떡류,백설기,175g,409kcal
떡류,송편,106g,224kcal
떡류,시루떡,113g,231kcal
떡류,쑥개피떡,100g,208kcal
떡류,약식,123g,378kcal
떡류,인절미,40g,86kcal
떡류,절편,100g,220kcal
떡류,증편,100g,177kcal
떡류,찰떡,100g,248kcal
떡류,찹쌀떡,100g,236kcal
만두류,군만두,19g,78kcal
면류,김치국(수제비),85g,122kcal
면류,냉콩국수,204g,470kcal
면류,도토리국수,248g,438kcal
만두류,떡(만두)국(냉동만두),229g,450kcal
만두류,떡(만두)국(냉동만두_쇠고기),279g,529kcal
만두류,떡(만두)국(닭고기만두),232g,466kcal
만두류,떡(만두)국(돼지고기만두),232g,493kcal
면류,라면볶음,159g,446kcal
만두류,만두,182g,368kcal
만두류,만두국,201g,424kcal
만두류,만두조림,87g,211kcal
만두류,만두탕수,187g,406kcal
만두류,만두튀김,248g,483kcal
면류,메밀국수,191g,416kcal
면류,물냉면,206g,411kcal
면류,비빔국수,212g,460kcal
면류,비빔냉면,268g,440kcal
면류,삶은국수,101g,74kcal
면류,소면,152g,360kcal
면류,수제비,210g,393kcal
면류,수제비(감자),88g,121kcal
면류,스파게티,250g,240kcal
면류,열무김치국수,191g,394kcal
면류,우동,170g,438kcal
면류,유부국수,194g,497kcal
면류,장국국수,357g,395kcal
면류,짜장면,222g,494kcal
면류,짬뽕,284g,472kcal
면류,쫄면,221g,452kcal
면류,칡냉면,246g,472kcal
면류,칼국수,186g,408kcal
면류,칼국수(닭),191g,198kcal
면류,회냉면,255g,528kcal
면류,칼로리면,215g,118kcal
면류,마늘스파게티,120g,376kcal
면류,베이컨&까망베르까르보나라스파게티,180g,452kcal
면류,올리브스파게티,150g,518kcal
면류,새송이버섯&갈릭고르곤졸라스파게티,180g,442kcal
면류,봉골레스파게티,276g,407kcal
면류,미트소스스파게티,335g,495kcal
면류,새우크림스파게티,297g,639kcal
면류,치즈스파게티,179g,512kcal
면류,크림스파게티,280g,565kcal
면류,토마토스파게티,350g,591kcal
면류,해물스파게티,450g,556kcal
면류,김치우동,315g,357kcal
면류,볶음우동,345g,489kcal
면류,해물볶음우동,240g,241kcal
면류,굴짬뽕,365g,254kcal
면류,기스면,690g,364kcal
면류,냉짬뽕,365g,519kcal
만두류,탕수만두,200g,287kcal
면류,새우딤섬,206g,339kcal
면류,나가사키짬뽕,309g,588kcal
밥류,강황밥,100g,350kcal
밥류,무청나물밥,220g,355kcal
밥류,곤드레나물밥,220g,355kcal
밥류,취나물밥,220g,370kcal
밥류,감자밥,110g,316kcal
밥류,검정콩밥,100g,372kcal
밥류,고구마밥,120g,347kcal
밥류,국밥,197g,464kcal
밥류,기장밥,95g,350kcal
밥류,김밥,171g,513kcal
밥류,김밥(게맛살),225g,258kcal
밥류,김밥(어묵),222g,257kcal
밥류,김밥(햄),224g,278kcal
밥류,김치볶음밥,282g,354kcal
밥류,녹두밥,100g,366kcal
밥류,농생연밥,100g,362kcal
밥류,누룽지,50g,185kcal
밥류,누른밥,50g,185kcal
밥류,달걀덮밥,242g,540kcal
밥류,닭고기덮밥,212g,475kcal
밥류,두부덮밥,242g,514kcal
밥류,땅콩밥,100g,364kcal
밥류,미역유부밥,285g,545kcal
밥류,밤밥,100g,328kcal
밥류,버섯덮밥,232g,500kcal
밥류,보리밥,110g,401kcal
밥류,보리조밥,120g,440kcal
밥류,보리콩밥,120g,417kcal
밥류,보리팥밥,120g,432kcal
밥류,볶음밥,324g,524kcal
밥류,비빔밥,300g,532kcal
밥류,비빔밥(고기없음),399g,486kcal
밥류,비빔밥(돼지고기),349g,450kcal
밥류,비빔밥(산채),419g,492kcal
밥류,비빔밥(해초),421g,520kcal
밥류,생선초밥,253g,520kcal
밥류,쇠고기덮밥,212g,504kcal
밥류,쇠고기볶음밥,206g,459kcal
밥류,수수밥,100g,366kcal
밥류,수수찹쌀밥,100g,368kcal
밥류,순대국밥,224g,498kcal
밥류,쌀밥,90g,333kcal
밥류,쑥쌀밥,110g,346kcal
밥류,야채밥,149g,367kcal
밥류,야채밥(치즈),159g,399kcal
밥류,열무비빔밥,198g,411kcal
밥류,영양밥(돌솥밥),130g,412kcal
밥류,오곡밥,155g,562kcal
밥류,오므라이스,266g,535kcal
밥류,오징어덮밥,239g,445kcal
밥류,옥수수밥,100g,324kcal
밥류,완두콩밥,100g,348kcal
밥류,유부초밥,174g,552kcal
밥류,율무밥,100g,371kcal
밥류,잡곡밥,100g,365kcal
밥류,잡곡밥(강남콩),108g,364kcal
밥류,잡곡밥(옥수수),110g,401kcal
밥류,잡채밥,194g,522kcal
밥류,잡탕밥,251g,587kcal
밥류,제육덮밥,141g,485kcal
밥류,조밥,100g,371kcal
밥류,주먹밥,132g,312kcal
밥류,짜장밥,242g,470kcal
밥류,차수수밥,100g,365kcal
밥류,차조밥,100g,369kcal
밥류,찰밥,90g,336kcal
밥류,참치회덮밥,179g,162kcal
밥류,찹쌀밥,90g,333kcal
밥류,카레라이스,289g,659kcal
밥류,콩나물국밥,123g,92kcal
밥류,콩나물밥,179g,424kcal
밥류,콩나물비빔밥,217g,416kcal
밥류,콩밥(대두),120g,446kcal
밥류,팥밥,110g,400kcal
밥류,하이라이스,206g,375kcal
밥류,한치덮밥,269g,472kcal
밥류,해물덮밥,229g,445kcal
밥류,현미밥,90g,315kcal
밥류,회덮밥,260g,497kcal
밥류,카레,164g,161kcal
밥류,컵국밥,93g,298kcal
밥류,리소토,290g,453kcal
밥류,가쓰동,285g,528kcal
밥류,알밥,265g,306kcal
밥류,오니기리,250g,308kcal
밥류,오차즈케,320g,141kcal
밥류,해물유부초밥,270g,389kcal
밥류,장어덮밥,440g,531kcal
밥류,새우볶음밥,200g,350kcal
밥류,짬뽕밥,485g,539kcal
볶음류,제육볶음,147g,250kcal
볶음류,가지볶음,83g,52kcal
볶음류,가지볶음(양파),103g,59kcal
볶음류,감자볶음,95g,110kcal
볶음류,감자볶음(당근),105g,113kcal
볶음류,감자볶음(어묵),142g,176kcal
볶음류,감자채볶음,119g,87kcal
볶음류,건꼴뚜기볶음,38g,113kcal
볶음류,건새우볶음,33g,108kcal
볶음류,게맛살볶음,105g,123kcal
볶음류,게볶음,196g,150kcal
볶음류,계란볶음,102g,158kcal
볶음류,고구마볶음,91g,133kcal
볶음류,고구마줄기볶음,82g,53kcal
볶음류,고비볶음,81g,53kcal
볶음류,고사리볶음,72g,47kcal
볶음류,고추잎볶음,89g,74kcal
볶음류,고추장볶음,29g,57kcal
볶음류,구절판,145g,240kcal
볶음류,근대볶음,88g,44kcal
볶음류,김치볶음,94g,115kcal
볶음류,김치볶음(동물성재료없음),49g,61kcal
볶음류,김치볶음(참치),88g,172kcal
볶음류,깍두기볶음,49g,67kcal
볶음류,깻잎볶음,88g,58kcal
볶음류,깻잎볶음(멸치),40g,51kcal
볶음류,꽁치볶음,36g,85kcal
볶음류,낙지볶음,89g,108kcal
볶음류,느타리볶음,97g,52kcal
볶음류,느타리볶음(피망),107g,54kcal
볶음류,닭고기볶음,134g,115kcal
볶음류,당근볶음,21g,50kcal
볶음류,도라지볶음,69g,108kcal
볶음류,도라지볶음(고추장),87g,142kcal
볶음류,돈육고추장볶음,69g,173kcal
볶음류,돈육야채볶음,139g,187kcal
볶음류,돼지고기볶음,157g,340kcal
볶음류,돼지고기볶음(김치),146g,279kcal
볶음류,돼지고기볶음(콩나물),177g,346kcal
볶음류,돼지곱창볶음,143g,193kcal
볶음류,두부볶음,85g,93kcal
볶음류,두부볶음(김치),95g,95kcal
볶음류,떡볶기,188g,249kcal
볶음류,떡볶음(돼지고기_간장),169g,341kcal
볶음류,떡볶음(어묵_고추장),166g,315kcal
볶음류,라면,169g,525kcal
볶음류,마늘쫑볶음,85g,68kcal
볶음류,마파두부,119g,121kcal
볶음류,메뚜기볶음,33g,104kcal
볶음류,멸치볶음,23g,64kcal
볶음류,멸치볶음(고추장),74g,202kcal
볶음류,멸치볶음(풋고추),43g,66kcal
볶음류,멸치볶음(풋고추_간장),54g,135kcal
볶음류,명일엽볶음,88g,57kcal
볶음류,무볶음,59g,55kcal
볶음류,무청볶음,94g,78kcal
볶음류,문어볶음,168g,145kcal
볶음류,미역볶음,86g,69kcal
볶음류,미역줄기볶음,96g,68kcal
볶음류,배추나물볶음,57g,68kcal
볶음류,뱅어포볶음,28g,66kcal
볶음류,버섯볶음,128g,108kcal
볶음류,버섯볶음(양파),128g,108kcal
볶음류,버섯볶음(채소),118g,75kcal
볶음류,베이컨볶음,106g,157kcal
볶음류,부추볶음,69g,79kcal
볶음류,부추볶음(고기),79g,105kcal
볶음류,부추볶음(제육),89g,131kcal
볶음류,부추잡채,92g,98kcal
볶음류,북어볶음,36g,108kcal
볶음류,새우볶음,113g,192kcal
볶음류,소세지볶음,43g,134kcal
볶음류,소세지볶음(케찹),53g,145kcal
볶음류,소시지야채볶음,89g,163kcal
볶음류,쇠고기볶음,114g,189kcal
볶음류,쇠고기볶음(가지),124g,191kcal
볶음류,쇠고기볶음(버섯),104g,142kcal
볶음류,쇠고기볶음(양배추),124g,191kcal
볶음류,순대볶음,115g,118kcal
볶음류,시금치햄볶음,66g,102kcal
볶음류,야채볶음,54g,44kcal
볶음류,야채볶음(닭),143g,203kcal
볶음류,야채볶음(버섯),64g,46kcal
볶음류,야채볶음(어묵),74g,72kcal
볶음류,야채볶음(표고),64g,71kcal
볶음류,양배추볶음,65g,83kcal
볶음류,양파볶음,77g,73kcal
볶음류,어묵볶음,127g,151kcal
볶음류,어묵볶음(느타리버섯),109g,149kcal
볶음류,어묵볶음(당근),127g,151kcal
볶음류,어묵볶음(마늘쫑),91g,116kcal
볶음류,어묵볶음(양파),99g,127kcal
볶음류,어묵볶음(햄),107g,157kcal
볶음류,오이볶음,86g,74kcal
볶음류,오징어볶음,115g,141kcal
볶음류,오징어채볶음,36g,118kcal
볶음류,우거지볶음,97g,31kcal
볶음류,우엉볶음,71g,98kcal
볶음류,잔멸치볶음,38g,86kcal
볶음류,잡채,109g,183kcal
볶음류,죽순볶음,65g,70kcal
볶음류,쥐포볶음,62g,204kcal
볶음류,짜장볶음,210g,292kcal
볶음류,참치볶음,95g,82kcal
볶음류,참치볶음(야채),95g,82kcal
볶음류,참치볶음(콩나물),115g,88kcal
볶음류,취나물볶음,83g,123kcal
볶음류,콩나물볶음,201g,151kcal
볶음류,콩볶음,17g,76kcal
볶음류,팔보채,145g,165kcal
볶음류,표고쇠고기볶음,105g,206kcal
볶음류,풋고추볶음,62g,69kcal
볶음류,햄볶음,56g,99kcal
볶음류,햄볶음(피망),61g,100kcal
볶음류,호박볶음,103g,43kcal
볶음류,호박볶음(새우젓),108g,45kcal
볶음류,미트볼,200g,372kcal
볶음류,소시지야채볶음,200g,555kcal
볶음류,숯불떡갈비,200g,346kcal
볶음류,깐쇼새우,510g,411kcal
볶음류,깐풍새우,370g,382kcal
볶음류,유산슬,375g,243kcal
볶음류,경장육사,350g,479kcal
볶음류,토마토계란볶음,250g,204kcal
볶음류,중국식두부볶음,213g,212kcal
빵류,건빵,30g,124kcal
빵류,건포도빵,80g,208kcal
빵류,곰보빵,80g,300kcal
빵류,도우넛(링),80g,329kcal
빵류,도우넛(팥),80g,319kcal
빵류,버터빵,80g,234kcal
빵류,샌드위치,176g,411kcal
빵류,식빵(우유_옥수수_마늘),100g,283kcal
빵류,카스테라,100g,323kcal
빵류,케이크(초코파이포함),85g,294kcal
빵류,토스트,100g,295kcal
빵류,토스트(프렌치),190g,410kcal
빵류,피자,150g,403kcal
빵류,핫도그,60g,149kcal
빵류,핫케이크,77g,247kcal
빵류,햄버거,150g,343kcal
빵류,호빵(고기),80g,203kcal
빵류,호빵(팥),80g,197kcal
빵류,불고기핫도그,250g,372kcal
빵류,호두에그샌드위치,230g,382kcal
빵류,마늘바게트,40g,200kcal
빵류,에그타르트,157g,347kcal
빵류,마르게리타피자,173g,338kcal
빵류,호두파이,87g,366kcal
빵류,감자피자,137g,307kca
빵류,고구마샌드위치,180g,345kcal
빵류,고구마피자,227g,413kcal
빵류,도넛,48g,169kcal
빵류,롤샌드위치,125g,393kcal
빵류,바나나머핀,143g,314kcal
빵류,쇼트케이크,178g,398kcal
빵류,식빵피자,205g,316kcal
빵류,애플파이,233g,450kcal
빵류,참치샌드위치,165g,451kcal
빵류,크레페,320g,397kcal
빵류,피자빵,190g,378kcal
빵류,모닝빵,70g,232kcal
빵류,타코야키,210g,293kcal
빵류,찐빵,75g,138kcal
빵류,양갱,50g,136kcal
빵류,꽃빵,40g,75kcal
빵류,블루베리호두머핀,73g,204kcal
양념류,간장양념,9g,3kcal
양념류,된장,80g,128kcal
양념류,들깨가루,80g,432kcal
양념류,마늘,12g,15kcal
양념류,소금파마늘,7g,2kcal
양념류,양념고추장,28g,66kcal
양념류,초간장,21g,13kcal
유제품,아이스크림,100g,186kcal
유제품,액상발효유,65g,42kcal
유제품,요구르트(액상),65g,42kcal
유제품,요구르트(호상),110g,105kcal
유제품,우유,200g,120kcal
유제품,치즈,20g,62kcal
유제품,호상발효유,110g,105kcal
음료_주류_차류,결명자차,2g,5kcal
음료_주류_차류,기타과일쥬스,200g,26kcal
음료_주류_차류,녹차,2g,5kcal
음료_주류_차류,당근쥬스,100g,40kcal
음료_주류_차류,두유,200g,108kcal
음료_주류_차류,물(식수),100g,0kcal
음료_주류_차류,미싯가루,15g,57kcal
음료_주류_차류,보리차,100g,1kcal
음료_주류_차류,사과쥬스,200g,86kcal
음료_주류_차류,수정과,64g,174kcal
음료_주류_차류,쉐이크,94g,99kcal
음료_주류_차류,식혜,44g,118kcal
음료_주류_차류,쌍화차,15g,56kcal
음료_주류_차류,오렌지쥬스,200g,84kcal
음료_주류_차류,오미자차,5g,13kcal
음료_주류_차류,율무차,15g,60kcal
음료_주류_차류,주류,200g,74kcal
음료_주류_차류,캔커피,200g,22kcal
음료_주류_차류,커피,12g,42kcal
음료_주류_차류,코코아,15g,61kcal
음료_주류_차류,탄산음료,200g,98kcal
음료_주류_차류,포도쥬스,200g,106kcal
음료_주류_차류,현미차,15g,45kcal
음료_주류_차류,홍초음료,25g,40kcal
음료_주류_차류,옥수수차,10g,0kcal
음료_주류_차류,레몬에이드주스,100g,39kcal
음료_주류_차류,홍차,10g,31kcal
음료_주류_차류,바나나호두셰이크,312g,206kcal
장아찌류,고들빼기장아찌,83g,61kcal
장아찌류,고추장아찌,25g,13kcal
장아찌류,깻잎장아찌,33g,24kcal
장아찌류,도라지장아찌,23g,25kcal
장아찌류,마늘장아찌,25g,13kcal
장아찌류,마늘쫑장아찌,25g,28kcal
장아찌류,무장아찌,25g,21kcal
장아찌류,양파장아찌,23g,21kcal
장아찌류,오이장아찌,49g,46kcal
장아찌류,참외장아찌,23g,20kcal
장아찌류,할라피뇨,5g,3kcal
전_부침류,쑥전,46g,180kcal
전_부침류,가지전,96g,111kcal
전_부침류,감자전,106g,155kcal
전_부침류,게맛살부침,90g,187kcal
전_부침류,계란말이,78g,111kcal
전_부침류,계란후라이,53g,105kcal
전_부침류,고구마전,106g,201kcal
전_부침류,고등어전,103g,186kcal
전_부침류,굴전,113g,185kcal
전_부침류,김치전,258g,489kcal
전_부침류,깻잎(완자)전,76g,168kcal
전_부침류,깻잎전,76g,166kcal
전_부침류,달걀부침,78g,111kcal
전_부침류,달걀부침(김말이),53g,94kcal
전_부침류,달걀부침(야채),78g,97kcal
전_부침류,대구전,94g,303kcal
전_부침류,동태전,94g,140kcal
전_부침류,돼지고기전,91g,252kcal
전_부침류,두릅적,131g,137kcal
전_부침류,두부부침,108g,153kcal
전_부침류,두부전,96g,101kcal
전_부침류,두부전(돈육),116g,154kcal
전_부침류,맛살전,113g,150kcal
전_부침류,미나리전,90g,117kcal
전_부침류,배추전,76g,162kcal
전_부침류,버섯전,86g,172kcal
전_부침류,병어전,104g,146kcal
전_부침류,부추전,131g,179kcal
전_부침류,빈대떡,91g,200kcal
전_부침류,새우전,113g,192kcal
전_부침류,소세지부침,93g,275kcal
전_부침류,쇠간전,91g,173kcal
전_부침류,쇠고기내장(천엽)전,90g,125kcal
전_부침류,쇠고기전,91g,229kcal
전_부침류,수수부침,56g,221kcal
전_부침류,스크램블드에그,56g,106kcal
전_부침류,애호박전,53g,60kcal
전_부침류,야채전,91g,161kcal
전_부침류,연근전,71g,112kcal
전_부침류,오믈렛,90g,170kcal
전_부침류,오믈렛(두부),100g,178kcal
전_부침류,오징어전,186g,206kcal
전_부침류,완자전(돼지고기),112g,223kcal
전_부침류,완자전(쇠고기),120g,184kcal
전_부침류,참치전,42g,141kcal
전_부침류,찹쌀전병,56g,231kcal
전_부침류,파전,156g,321kcal
전_부침류,파전(조개),166g,330kcal
전_부침류,풋고추전,146g,335kcal
전_부침류,피망전,61g,141kcal
전_부침류,해물파전,146g,180kcal
전_부침류,햄부침,81g,185kcal
전_부침류,호박전,83g,68kcal
전_부침류,홍합전,131g,190kcal
전_부침류,화양적,140g,131kcal
전_부침류,베이컨말이,208g,209kcal
전_부침류,두부오꼬노미야키,295g,273kcal
젓갈류,갈치속젓,15g,27kcal
젓갈류,갈치젓,15g,28kcal
젓갈류,게장,58g,53kcal
젓갈류,꼴뚜기젓,15g,13kcal
젓갈류,멸치젓,15g,25kcal
젓갈류,명란젓,15g,18kcal
젓갈류,벤뎅이젓,15g,17kcal
젓갈류,새우젓,15g,8kcal
젓갈류,아가미젓,15g,12kcal
젓갈류,어리굴젓,15g,14kcal
젓갈류,오징어젓,15g,18kcal
젓갈류,전어젓,15g,19kcal
젓갈류,조개젓,15g,11kcal
젓갈류,조기젓,15g,12kcal
젓갈류,창란젓,15g,17kcal
젓갈류,토하젓,15g,19kcal
젓갈류,황새치젓,15g,18kcal
회류,굴회,80g,70kcal
회류,낙지회,70g,38kcal
회류,도가니수육,71g,132kcal
회류,멍게,80g,61kcal
회류,문어,70g,51kcal
회류,미나리강회,114g,59kcal
회류,부추강회,114g,62kcal
회류,소라회,80g,76kcal
회류,소양회,67g,54kcal
회류,오징어숙회,89g,93kcal
회류,육회,37g,78kcal
회류,파강회,74g,27kcal
회류,한치회,70g,56kcal
회류,해삼회,99g,47kcal
회류,홍어회,89g,29kcal
죽류,감자죽,111g,197kcal
죽류,고기죽,81g,242kcal
죽류,깨죽,61g,223kcal
죽류,닭죽,289g,521kcal
죽류,버섯죽,104g,237kcal
죽류,새우죽,101g,239kcal
죽류,소라죽,86g,145kcal
죽류,수수죽,61g,221kcal
죽류,야채죽,121g,214kcal
죽류,잣죽,63g,279kcal
죽류,전복죽,83g,262kcal
죽류,콩죽,127g,475kcal
죽류,팥죽,64g,223kcal
죽류,호박죽,117g,130kcal
죽류,흰죽,315g,63kcal
죽류,죽,242g,170kcal
조림류,가자미조림,142g,129kcal
조림류,가지조림,105g,62kcal
조림류,갈치조림,140g,137kcal
조림류,감자조림,42g,43kcal
조림류,건꼴두기고추조림,45g,73kcal
조림류,게맛살조림,110g,82kcal
조림류,게조림,157g,132kcal
조림류,계란장조림,138g,133kcal
조림류,고구마조림,121g,134kcal
조림류,고등어조림,155g,216kcal
조림류,곤약조림,106g,47kcal
조림류,광어조림,155g,148kcal
조림류,깻잎조림,39g,48kcal
조림류,꼴뚜기조림,28g,100kcal
조림류,꽁치무조림,116g,185kcal
조림류,꽁치엿조림,72g,127kcal
조림류,꽁치조림,62g,98kcal
조림류,노가리조림,38g,89kcal
조림류,달걀조림,64g,103kcal
조림류,닭고기조림,139g,193kcal
조림류,닭고기조림(옥수수),149g,202kcal
조림류,닭다리조림,92g,148kcal
조림류,닭볶음탕,151g,204kcal
조림류,당근조림,100g,74kcal
조림류,대구조림,35g,90kcal
조림류,동태조림,157g,133kcal
조림류,돼지고기장조림,98g,181kcal
조림류,돼지고기조림,118g,117kcal
조림류,두부양념조림,102g,128kcal
조림류,두부조림,87g,133kcal
조림류,두부조림(엿),87g,133kcal
조림류,땅콩조림,87g,235kcal
조림류,떡(새알)조림,87g,226kcal
조림류,마늘쫑조림,94g,67kcal
조림류,마늘쫑조림(멸치),104g,79kcal
조림류,말린가자미조림,142g,140kcal
조림류,메추리알조림,71g,101kcal
조림류,멸치조림,53g,105kcal
조림류,멸치조림(고추),63g,106kcal
조림류,무조림,89g,29kcal
조림류,바지락조림,238g,156kcal
조림류,밤초,65g,118kcal
조림류,방어조림,62g,92kcal
조림류,뱅어포조림,57g,188kcal
조림류,버섯조림,89g,33kcal
조림류,병어조림,138g,113kcal
조림류,북어조림,39g,108kcal
조림류,붕어조림,62g,58kcal
조림류,삼치조림,128g,132kcal
조림류,새우조림,34g,124kcal
조림류,서대조림,62g,59kcal
조림류,소세지조림,67g,135kcal
조림류,쇠고기장조림,131g,166kcal
조림류,쇠고기조림(감자),543g,641kcal
조림류,쇠고기조림(스튜포함),48g,114kcal
조림류,양미리조림,108g,116kcal
조림류,어묵조림,194g,287kcal
조림류,어묵조림(햄),113g,119kcal
조림류,연근조림,67g,100kcal
조림류,오징어조림,149g,120kcal
조림류,오징어채조림,17g,62kcal
조림류,오징어포고추조림,50g,93kcal
조림류,완자조림,107g,202kcal
조림류,완자조림(돈육),122g,267kcal
조림류,우엉조림,71g,100kcal
조림류,우엉조림(어묵),96g,109kcal
조림류,우엉조림(오이),86g,54kcal
조림류,유부조림,60g,199kcal
조림류,이면수조림,62g,98kcal
조림류,장어조림,121g,221kcal
조림류,전어조림,122g,105kcal
조림류,정어리조림,142g,165kcal
조림류,조기조림,139g,95kcal
조림류,쥐포조림,29g,84kcal
조림류,청어조림,134g,154kcal
조림류,코다리(명태)조림,143g,106kcal
조림류,콩조림(콩자반),20g,58kcal
조림류,토란조림,90g,73kcal
조림류,파인애플통조림,100g,62kcal
조림류,폭찹,179g,457kcal
조림류,풋고추조림,66g,22kcal
조림류,햄조림,67g,67kcal
조림류,호박조림,88g,40kcal
조림류,홍합조림,93g,79kcal
조림류,오향장육,306g,311kcal
찌개류,가자미매운탕,133g,116kcal
찌개류,갈치찌개,151g,157kcal
찌개류,감자찌개,112g,54kcal
찌개류,감자찌개(돼지고기),142g,133kcal
찌개류,게찌개,151g,105kcal
찌개류,고등어찌개,181g,248kcal
찌개류,곱창전골,98g,156kcal
찌개류,광어찌개,196g,135kcal
찌개류,국수전골,104g,179kcal
찌개류,긴다로(은대구)찌개,151g,144kcal
찌개류,김치전골,201g,180kcal
찌개류,김치전골(떡),211g,204kcal
찌개류,김치찌개,146g,135kcal
찌개류,김치찌개(돼지고기),168g,110kcal
찌개류,김치찌개(참치),168g,161kcal
찌개류,꽁치찌개,171g,179kcal
찌개류,낙지전골,245g,247kcal
찌개류,낙지찌개,204g,129kcal
찌개류,넙치찌개,151g,125kcal
찌개류,달래찌개,116g,81kcal
찌개류,닭고기찌개,89g,94kcal
찌개류,대구찌개(매운탕),173g,128kcal
찌개류,대합찌개,151g,105kcal
찌개류,도루묵찌개,151g,146kcal
찌개류,도미찌개,165g,130kcal
찌개류,동태매운탕,173g,97kcal
찌개류,동태찌개,173g,129kcal
찌개류,동태찌개(고추장),181g,127kcal
찌개류,동태찌개(고추장_된장),185g,133kcal
찌개류,돼지고기찌개,197g,143kcal
찌개류,된장찌개,150g,141kcal
찌개류,된장찌개(김치),121g,75kcal
찌개류,된장찌개(냉이_달래),116g,76kcal
찌개류,된장찌개(돼지고기),118g,97kcal
찌개류,된장찌개(두부),131g,107kcal
찌개류,된장찌개(양배추),170g,145kcal
찌개류,된장찌개(우렁),131g,98kcal
찌개류,된장찌개(해물),177g,158kcal
찌개류,된장찌개(호박),150g,110kcal
찌개류,된장찌개(호박잎),110g,114kcal
찌개류,두부찌개,122g,90kcal
찌개류,두부찌개(고추장),132g,109kcal
찌개류,두부찌개(된장),137g,114kcal
찌개류,두부찌개(된장_고추장),110g,116kcal
찌개류,맛살찌개,151g,83kcal
찌개류,망둥어찌개,166g,126kcal
찌개류,명태(생태)찌개,211g,170kcal
찌개류,무찌개,70g,52kcal
찌개류,미꾸라지매운탕,188g,126kcal
찌개류,미더덕찌개,138g,79kcal
찌개류,민어찌개,151g,142kcal
찌개류,방어찌개,151g,162kcal
찌개류,뱅어찌개,151g,101kcal
찌개류,버섯전골,145g,131kcal
찌개류,버섯찌개,186g,85kcal
찌개류,병어찌개,166g,148kcal
찌개류,복매운탕,185g,130kcal
찌개류,복지리,121g,82kcal
찌개류,볼락찌개,151g,125kcal
찌개류,부대찌개,198g,281kcal
찌개류,북어찌개,101g,101kcal
찌개류,불낙전골,275g,245kcal
찌개류,붕어매운탕,170g,129kcal
찌개류,비지찌개,169g,169kcal
찌개류,비지찌개(콩),174g,109kcal
찌개류,삼치찌개,165g,158kcal
찌개류,새우젓찌개,118g,52kcal
찌개류,새우찌개,151g,111kcal
찌개류,생선내장탕,151g,113kcal
찌개류,섞어찌개,148g,124kcal
찌개류,섞어찌개(오징어),168g,143kcal
찌개류,섞어찌개(햄),158g,137kcal
찌개류,쇠고기두부찌개,93g,102kcal
찌개류,쇠고기전골(두부),150g,139kcal
찌개류,쇠고기전골(스끼야끼),140g,130kcal
찌개류,쇠고기찌개,166g,150kcal
찌개류,순두부찌개,123g,72kcal
찌개류,숭어찌개,151g,127kcal
찌개류,쏘가리매운탕,199g,149kcal
찌개류,쏨뱅이찌개,151g,120kcal
찌개류,아구(매운)탕,187g,119kcal
찌개류,야채전골,58g,68kcal
찌개류,양미리찌개,151g,139kcal
찌개류,어묵김치찌개,188g,133kcal
찌개류,연두부찌개,184g,93kcal
찌개류,오징어찌개,174g,121kcal
찌개류,우거지찌개,140g,123kcal
찌개류,우럭매운탕,196g,169kcal
찌개류,이면수찌개,151g,169kcal
찌개류,잉어찌개,151g,132kcal
찌개류,장어찌개,151g,209kcal
찌개류,적어찌개,151g,114kcal
찌개류,전갱이찌개,151g,166kcal
찌개류,전어찌개,151g,141kcal
찌개류,정어리찌개,151g,173kcal
찌개류,조개찌개,151g,101kcal
찌개류,조기매운탕,176g,137kcal
찌개류,조기찌개,167g,129kcal
찌개류,쥐치찌개,151g,113kcal
찌개류,징기스칸(샤브샤브),135g,194kcal
찌개류,참치찌개,80g,82kcal
찌개류,청국장찌개,126g,101kcal
찌개류,청국장찌개(고추장),120g,109kcal
찌개류,청국장찌개(쇠고기),146g,121kcal
찌개류,청어찌개,164g,176kcal
찌개류,코다리찌개,151g,129kcal
찌개류,해물잡탕,154g,100kcal
찌개류,해물찌개(넙치_장어),182g,200kcal
찌개류,해물찌개(명태),231g,133kcal
찌개류,햄찌개,69g,79kcal
찌개류,호박찌개,145g,137kcal
찌개류,홍어찌개,151g,114kcal
찜류,해물찜,240g,250kcal
찜류,가오리찜,148g,98kcal
찜류,가자미찜,148g,132kcal
찜류,가지찜,111g,83kcal
찜류,갈치찜,148g,173kcal
찜류,고등어찜,148g,170kcal
찜류,깻잎찜,15g,16kcal
찜류,꼬리찜,238g,562kcal
찜류,꼬막찜,113g,121kcal
찜류,꽃게찜,167g,116kcal
찜류,달걀찜,64g,82kcal
찜류,닭찜,145g,143kcal
찜류,대구찜,148g,98kcal
찜류,대합찜,114g,118kcal
찜류,도미찜,148g,118kcal
찜류,동태찜,148g,93kcal
찜류,돼지갈비찜,133g,188kcal
찜류,돼지고기찜,128g,149kcal
찜류,돼지족발찜,238g,548kcal
찜류,두부찜,82g,85kcal
찜류,망둥어찜,148g,105kcal
찜류,명태(코다리)찜,88g,80kcal
찜류,무찜,90g,87kcal
찜류,미더덕찜,132g,83kcal
찜류,복찜,148g,104kcal
찜류,북어찜,131g,288kcal
찜류,새우찜,167g,128kcal
찜류,서대찜,148g,108kcal
찜류,쇠갈비찜,94g,190kcal
찜류,쇠고기찜,209g,450kcal
찜류,순대,92g,130kcal
찜류,숭어찜,148g,115kcal
찜류,아구찜,148g,89kcal
찜류,알찜,97g,73kcal
찜류,애호박찜,96g,38kcal
찜류,양배추찜,84g,30kcal
찜류,오징어순대,142g,101kcal
찜류,오징어찜,128g,91kcal
찜류,우럭찜,148g,114kcal
찜류,자반고등어찜,125g,136kcal
찜류,조기찜,78g,87kcal
찜류,콩나물찜,129g,117kcal
찜류,편육,161g,394kcal
찜류,풋고추찜,104g,89kcal
찜류,홍어찜,148g,103kcal
찜류,매운닭,200g,355kcal
찜류,동파육,103g,559kcal
튀김류,가자미튀김,85g,164kcal
튀김류,가지튀김,113g,211kcal
튀김류,갈치튀김,82g,164kcal
튀김류,감자튀김,137g,130kcal
튀김류,게맛살튀김,70g,201kcal
튀김류,고구마맛탕,156g,395kcal
튀김류,고구마튀김,120g,249kcal
튀김류,고등어튀김,93g,204kcal
튀김류,고추튀김,61g,118kcal
튀김류,광어튀김,93g,148kcal
튀김류,긴다로튀김,70g,194kcal
튀김류,김말이튀김,76g,203kcal
튀김류,김튀김,16g,76kcal
튀김류,깐풍기,123g,230kcal
튀김류,깻잎튀김,36g,84kcal
튀김류,꽁치튀김,103g,224kcal
튀김류,다시마튀각,16g,74kcal
튀김류,다시마튀김,16g,74kcal
튀김류,닭강정,107g,212kcal
튀김류,닭튀김,92g,187kcal
튀김류,대구튀김,103g,165kcal
튀김류,도라지튀김,86g,150kcal
튀김류,도미튀김,103g,176kcal
튀김류,돈까스,108g,358kcal
튀김류,동그랑땡,74g,189kcal
튀김류,동태튀김(녹말가루),63g,124kcal
튀김류,동태튀김(튀김옷),95g,213kcal
튀김류,돼지고기강정,101g,316kcal
튀김류,돼지고기튀김,81g,235kcal
튀김류,두부완자튀김,113g,261kcal
튀김류,두부튀김,108g,157kcal
튀김류,라조기,123g,230kcal
튀김류,망둥어튀김,70g,192kcal
튀김류,메추리알튀김,83g,176kcal
튀김류,멸치튀김,87g,161kcal
튀김류,미역튀김,30g,164kcal
튀김류,민어튀김,93g,165kcal
튀김류,밤튀김,63g,141kcal
튀김류,방게튀김,70g,182kcal
튀김류,방어튀김,70g,218kcal
튀김류,뱅어포튀김,21g,103kcal
튀김류,베이컨튀김,82g,264kcal
튀김류,병어튀김,88g,167kcal
튀김류,볼락튀김,70g,197kcal
튀김류,북어강정,53g,191kcal
튀김류,북어튀김,70g,272kcal
튀김류,비후까스,116g,295kcal
튀김류,사과튀김,73g,98kcal
튀김류,삼치튀김,83g,159kcal
튀김류,새우튀김,10g,69kcal
튀김류,새치튀김,70g,188kcal
튀김류,생선까스,85g,139kcal
튀김류,생선뼈튀김,48g,251kcal
튀김류,소세지튀김,94g,290kcal
튀김류,쇠고기튀김,96g,200kcal
튀김류,스코치에그,286g,768kcal
튀김류,식빵튀김,58g,197kcal
튀김류,야채튀김,102g,292kcal
튀김류,양념통닭,123g,225kcal
튀김류,어묵튀김,85g,242kcal
튀김류,연근튀김,96g,148kcal
튀김류,연어튀김,103g,183kcal
튀김류,열기튀김,70g,193kcal
튀김류,오이튀김,33g,80kcal
튀김류,오징어탕수,135g,176kcal
튀김류,오징어튀김,93g,142kcal
튀김류,옥수수튀김,105g,198kcal
튀김류,우럭튀김,103g,181kcal
튀김류,이면수튀김,103g,225kcal
튀김류,인절미튀김,60g,196kcal
튀김류,장어튀김,70g,245kcal
튀김류,적어튀김,70g,191kcal
튀김류,조기튀김,93g,141kcal
튀김류,쥐포튀김,40g,153kcal
튀김류,참치강정,98g,206kcal
튀김류,참치튀김,103g,196kcal
튀김류,청어튀김,103g,223kcal
튀김류,콩튀김,140g,422kcal
튀김류,탕수육,151g,323kcal
튀김류,파래튀김,54g,123kcal
튀김류,햄커틀렛,84g,189kcal
튀김류,황새기튀김,103g,174kcal
튀김류,치즈돈가스,290g,623kcal
튀김류,일본식돈가스,180g,368kcal
튀김류,쇠고기당면튀김,180g,448kcal
튀김류,두부탕수육,230g,324kcal
튀김류,참치스프링롤,161g,165kcal
튀김류,난자완스,200g,346kcal
